Country,Energy balance,Standard international energy product classification (SIEC),1990,1991,1992,1993,1994,1995,1996,1997,1998,1999,2000,2001,2002,2003,2004,2005,2006,2007,2008,2009,2010,2011,2012,2013,2014,2015,2016,2017,2018,2019,2020,2021,2022,2023
Austria,Available for final consumption,Total,227893.897,244309.138,238581.58,242053.195,235953.495,245152.794,267166.209,263916.004,269884.081,272453.84,274212.487,290319.897,292443.332,308893.746,311759.727,317992.728,322958.046,315601.973,315930.027,308455.33,322952.65,311240.037,314650.44,321294.927,309853.366,317253.321,325231.271,327814.05,324387.335,329589.398,313467.428,332200.753,311355.653,
Austria,Gross available energy,Total,294766.068,313485.83,301327.038,305054.609,303773.918,317498.15,337997.523,335556.397,341401.433,340853.604,340117.581,358762.141,360875.981,379844.89,384938.837,400096.777,403701.548,396820.246,399973.238,379731.45,405354.156,393560.22,392405.55,397002.907,383071.687,392418.001,397855.212,405013.188,395747.1,404526.282,376263.004,398140.719,379252.652,
Austria,Primary energy consumption (Europe 2020-2030),Total,,,,,,,,,,,,,,,,,,,,,,,,,,,,,,,,,,
Austria,Total energy supply,Total,291185.346,309504.886,297043.038,300528.665,299030.807,312220.956,332179.245,329521.453,335066.127,334734.243,333408.998,352198.169,354697.175,374050.279,378062.281,392345.509,395639.676,388256.363,391405.98,372300.261,397349.743,385195.028,384271.105,389227.676,375304.067,384115.405,388782.58,396234.717,385939.354,393193.062,372404.106,393221.114,371989.677,
Belgium,Available for final consumption,Total,360837.846,384674.143,395572.582,385879.335,415662.684,428634.627,454394.614,451387.705,462345.497,462403.478,474745.343,484739.271,464321.833,484590.51,489863.771,484070.986,468537.474,451296.923,484927.516,462727.273,499897.122,460752.462,455606.815,481035.339,462033.917,476536.97,475924.457,473044.385,478255.868,466573.091,444734.09,476521.236,431427.208,
Belgium,Gross available energy,Total,614412.772,640104.577,646297.818,632517.772,665544.156,674997.392,715998.867,726006.259,743850.668,736976.712,753377.4,746045.859,739755.891,776593.203,783608.963,778265.538,777849.225,777500.793,802687.555,740026.943,793974.132,737203.741,702247.021,728521.668,686210.072,692023.763,734401.899,743433.214,744244.514,747889.204,672421.212,748962.194,697173.844,
Belgium,Primary energy consumption (Europe 2020-2030),Total,,,,,,,,,,,,,,,,,,,,,,,,,,,,,,,,,,
Belgium,Total energy supply,Total,555608.216,580739.882,587758.095,573169.244,608842.545,619067.42,651621.812,653803.12,665670.279,665954.462,673703.844,669328.859,647282.307,675579.481,679777.463,676045.455,667708.42,654822.209,675405.972,643728.027,689632.882,641709.963,616310.132,642118.473,608159.461,607506.707,640165.388,637895.167,616682.301,632730.454,584325.561,643278.868,587879.594,
Bulgaria,Available for final consumption,Total,203243.14,151071.041,126475.644,130429.71,130091.694,140697.347,145015.43,123025.479,117507.389,107290.811,112121.22,110008.194,106848.472,115523.785,116116.701,122274.328,127091.386,124880.649,124908.575,107330.974,107448.812,112458.814,111639.051,106682.289,110429.437,117057.694,116763.9,119438.43,120741.546,118060.286,118430.558,125874.634,119375.959,
Bulgaria,Gross available energy,Total,328661,266599.5,244441.248,262808.587,253727.855,274973.537,271694.238,244253.273,234890.091,213146.13,217482.404,227322.112,222041.701,228056.159,221932.566,234854.698,241866.759,237288.281,234435.775,206746.562,209483.933,224174.024,214674.455,199750.917,208823.812,218269.25,213659.064,221154.112,220316.083,218048.235,206995.043,225284.024,228350.872,
Bulgaria,Primary energy consumption (Europe 2020-2030),Total,,,,,,,,,,,,,,,,,,,,,,,,,,,,,,,,,,
Bulgaria,Total energy supply,Total,325156.889,260364.888,237594.081,254953.449,246722.188,267897.426,266289.655,242394.023,232510.48,212218.297,215762.459,224938.917,219305.285,224521.02,218774.266,231348.876,238537.868,234563.114,230551.941,202582.951,206414.877,221325.496,212035.427,196850.083,205906.089,215205.972,210282.203,217455.237,216383.059,214396.15,204409.617,222387.11,225010.329,
Croatia,Available for final consumption,Total,82054.791,73247.634,65090.809,65214.438,65658.911,67916.112,74099.621,76332.336,76033.446,78666.684,76521.251,79006.357,79867.573,86316.235,88820.541,91201.643,91110.95,92092.625,93306.388,89591.519,89871.627,86917.036,82489.775,81496.917,77594.978,81602.745,81985.929,85229.959,83377.855,84780.227,80997.109,84910.438,80387.947,
Croatia,Gross available energy,Total,112328.55,94213.136,86091.384,88220.828,86559.447,89177.29,96661.303,98667.833,100216.899,102670.311,98725.552,102731.19,105124.865,112505.665,112590.441,114566.042,113916.289,118411.302,115599.32,111300.965,110226.335,107974.29,101517.283,99547.211,94856.51,98952.996,99820.371,103370.216,101143.684,102507.347,96798.023,101392.468,99168.044,
Croatia,Primary energy consumption (Europe 2020-2030),Total,,,,,,,,,,,,,,,,,,,,,,,,,,,,,,,,,,
Croatia,Total energy supply,Total,110086.606,93846.802,85810.529,87512.584,85187.633,87850.174,95221.919,97477.806,98926.765,101470.084,97734.183,101615.893,104118.051,111546.682,111500.074,113273.912,112658.253,117064.824,114119.109,110176.102,108999.293,106491.856,100189.586,98097.402,93394.838,97551.39,98327.035,101576.631,98757.939,99896.039,95933.288,99972.6,96786.129,
Cyprus,Available for final consumption,Total,11240.007,11308.707,12658.798,13724.125,16163.811,14004.022,15912.968,14987.18,15881.432,15488.785,17039.613,17251.017,17344.711,17987.248,17321.833,17353.556,18343.114,19396.401,20854.343,20146.468,19701.175,18915.584,17674.882,16119.546,16403.442,16721.808,17598.313,18494.429,19006.746,19342.205,18239.934,18872.071,19416.72,
Cyprus,Gross available energy,Total,19489.769,20306.317,22314.528,23056.264,26088.707,23740.786,26103.33,25646.047,27337.681,28151.328,30405.957,30689.734,30277.445,32611.289,29861.443,32975.121,34202.052,35336.038,36906.51,35630.07,34252.061,33845.43,31817.507,28382.14,28808.87,29561.858,31986.181,32875.743,33755.336,33767.34,29756.135,30959.473,33252.098,
Cyprus,Primary energy consumption (Europe 2020-2030),Total,,,,,,,,,,,,,,,,,,,,,,,,,,,,,,,,,,
Cyprus,Total energy supply,Total,15930.528,16233.388,18305.208,19655.261,22480.971,19770.574,22013.803,21514.293,23040.923,23144.627,24909.711,24643.335,24994.191,27225.768,25611.004,26073.864,27117.499,28646.569,30477.68,29859.318,28799.402,27956.992,26312.161,22747.838,23298.87,23894.342,25453.065,26281.993,26846.722,26924.96,25443.923,26188.004,26822.602,
Czechia,Available for final consumption,Total,403410.859,358673.792,342435.192,325855.657,306177.923,311424.389,316895.155,332084.076,316981.005,295592.559,307227.958,313295.508,311865.322,319941.201,328912.652,327887.085,332086.39,328125.837,325351.618,304007.769,322684.434,300625.711,299799.468,307913.18,293503.057,301298.394,301001.258,318030.375,315909.706,315766.194,303688.194,328546.594,316138.967,
Czechia,Gross available energy,Total,581436.791,527527.751,513578.304,496950.195,479867.625,487043.229,500623.586,504887.9,488958.743,456523.388,480199.382,492686.087,499365.64,521492.703,534811.516,529571.316,541564.516,540408.057,530450.743,498249.089,528761.136,507264.324,502898.194,505268.726,488597.742,489058.064,484495.018,505464.574,507513.287,499319.875,468910.538,496915.425,486693.075,
Czechia,Primary energy consumption (Europe 2020-2030),Total,,,,,,,,,,,,,,,,,,,,,,,,,,,,,,,,,,
Czechia,Total energy supply,Total,578848.917,525703.823,511488.825,495247.504,477778.782,484822.273,499018.53,503414.39,487584.909,454934.332,478323.66,490807.642,497427.751,519150.592,531458.849,525909.539,537655.489,536390.78,526313.187,494291.95,525116.719,503655.991,499482.305,501973.115,485193.881,485630.148,480814.518,501339.046,502750.287,494448.625,467587.482,495135.314,483613.964,
Denmark,Available for final consumption,Total,153739.818,161554.612,159694.739,165155.733,165861.733,168448.887,175386.469,172045.429,174110.661,169110.3,166572.176,171335.884,168119.252,170719.368,172850.924,170663.286,174123.094,175076.292,169785.477,163947.813,174119.578,166360.69,163765.031,162203.258,154839.427,159561.963,164404.246,167389.929,167691.535,166072.455,157718.174,162921.201,153332.503,
Denmark,Gross available energy,Total,220165.901,240584.324,231698.941,242840.301,253176.501,252140.296,281212.573,261340.532,258340.85,248092.33,241802.446,246163.466,240392.024,253838.642,245355.142,239496.933,258729.84,254008.219,245856.877,232014.381,244461.065,228452.025,217250.496,219789.191,210234.418,209698.158,214167.26,214009.462,215047.437,210547.18,192862.276,202595.511,196665.034,
Denmark,Primary energy consumption (Europe 2020-2030),Total,,,,,,,,,,,,,,,,,,,,,,,,,,,,,,,,,,
Denmark,Total energy supply,Total,202131.04,224198.601,214582.079,220772.079,228531.529,226467.518,256072.379,237468.366,233740.197,224002.275,217618.89,224366.716,222010.996,234638.351,226966.197,220469.142,236830.285,231325.538,224898.516,217019.159,227032.842,210673.803,201485.385,202806.83,191185.89,190524.243,195362.37,196440.092,196243.15,189779.521,182520.203,192093.213,181942.398,
Estonia,Available for final consumption,Total,77899.308,75367.925,41448.981,35641.117,39724.616,35238.294,36699.247,35712.128,33696.056,31978.7,29315.594,32826.385,29737.135,30536.011,35365.289,36959.54,38121.822,43093.394,37467.995,28041.34,36487.791,34321.27,31100.78,35005.681,32731.724,28514.117,38859.685,35514.82,34461.784,34483.871,34376.098,34302.096,33270.94,
Estonia,Gross available energy,Total,127064.447,118294.266,75232.59,64391.493,71412.514,66494.752,69356.787,67178.416,62075.416,58859.827,55971.511,58988.065,55248.774,59228.136,64468.647,65289.588,65801.169,76960.776,67937.723,54131.751,71408.179,69233.191,66052.792,73206.033,68620.203,59729.001,73185.618,72505.875,70059.323,59315.875,55709.41,57097.799,60049.285,
Estonia,Primary energy consumption (Europe 2020-2030),Total,,,,,,,,,,,,,,,,,,,,,,,,,,,,,,,,,,
Estonia,Total energy supply,Total,124593.641,115454.489,73679.923,62449.188,69776.487,65270.308,68126.759,65780.36,60683.582,57336.132,54522.316,57633.278,53682.732,57698.404,62373.177,63321.832,62771.985,73460.945,64292.513,51157.981,68509.482,66582.217,60807.04,67911.284,64416.962,55833.34,69528.939,68073.46,65688.907,56384.491,52016.952,53083.337,55781.605,
Finland,Available for final consumption,Total,251717.736,255801.456,243179.424,252195.074,265786.668,247584.136,263945.661,278094.731,288502.792,285103.35,275986.356,275255.954,292696.104,298258.335,306750.822,293825.655,307278.404,306765.706,299234.703,279227.961,305950.41,296198.314,292499.705,280292.97,292702.779,279788.358,292399.99,301974.602,306538.784,299077.519,287306.702,298891.841,282427.85,
Finland,Gross available energy,Total,339735.102,343854.43,325498.616,340636.443,362041.856,343582.317,369760.713,384216.663,389009.548,388815.095,388920.945,397631.846,418921.456,441155.468,444877.227,411165.564,447844.94,440514.816,423041.926,393847.936,430346.994,414438.093,398850.912,392533.267,400586.751,383309.074,397165.683,402506.696,409795.639,401762.329,377197.839,395307.223,381828.831,
Finland,Primary energy consumption (Europe 2020-2030),Total,,,,,,,,,,,,,,,,,,,,,,,,,,,,,,,,,,
Finland,Total energy supply,Total,329230.047,333902.43,314346.366,331366.082,353955.717,336233.373,361663.935,375598.941,378988.436,378110.289,377006.25,386752.013,407266.012,429417.607,433966.255,400333.287,435860.509,428869.351,411557.697,384981.381,421591.373,404676.742,390249.208,383618.885,392172.889,372421.892,386363.874,390469.907,396946.58,388090.678,370310.025,388820.83,371724.039,
France,Available for final consumption,Total,1693921.969,1781787.258,1742430.9,1755366.574,1666744.312,1722551.907,1833567.619,1763862.959,1826122.221,1820691.558,1820691.238,1934831.638,1902411.052,1929517.655,1958589.556,1941495.724,1912165.352,1880566.529,1901159.147,1829422.832,1878347.527,1836092.231,1880171.951,1907019.993,1790399.415,1831125.644,1843701.078,1839543.621,1809514.498,1810217.187,1643049.929,1769429.956,1665606.927,
France,Gross available energy,Total,2660993.307,2809333.433,2764766.369,2808638.376,2702989.269,2815191.741,2974887.818,2888870.081,2976983.589,2978075.062,3009059.572,3102886.616,3109727.278,3186016.988,3240469.195,3253091.17,3207564.03,3179446.29,3193216.615,3069521.569,3163377.435,3108136.801,3108835.001,3122057.568,2999794.558,3048438.22,2995243.561,2996709.175,2985525.175,2948953.758,2612382.966,2826608.137,2574850.537,
France,Primary energy consumption (Europe 2020-2030),Total,,,,,,,,,,,,,,,,,,,,,,,,,,,,,,,,,,
France,Total energy supply,Total,2594857.946,2745206.878,2696312.119,2740416.071,2635258.491,2744389.436,2899705.401,2810003.109,2892095.172,2887915.423,2915619.35,3015100.255,3022588.473,3098789.035,3145499.726,3160154.582,3110638.776,3079331.074,3096673.406,2979186.855,3072647.91,3013391.893,3017070.962,3033344.965,2914289.334,2961621.765,2910552.285,2909940.413,2893875.177,2856720.456,2570247.236,2780244.622,2503954.663,
Germany,Available for final consumption,Total,2803799.273,2744605.734,2696914.236,2696074.518,2667522.786,2728531.758,2837468.554,2811360.167,2807304.592,2731555.274,2730622.251,2813045.701,2743614.72,2727900.122,2754545.73,2743994.511,2833280.475,2641652.654,2716930.295,2565101.135,2711321.283,2582824.691,2587123.157,2679013.243,2546585.753,2568237.824,2599131.514,2659463.491,2605829.461,2622110.674,2494535.308,2548887.369,2450981.17,
Germany,Gross available energy,Total,4166414.205,4075147.47,3997553.822,3966642.764,3950071.069,3992344.255,4124442.124,4094246.806,4069303.874,3983431.297,4008078.213,4123108.796,4033975.549,4046185.299,4075797.439,4058468.566,4182422.764,3983606.682,4032299.385,3770990.994,3966105.309,3762111.281,3793093.339,3873576.023,3708356.542,3727594.069,3754695.964,3771383.703,3681588.142,3599635.44,3328611.334,3462842.599,3300473.183,
Germany,Primary energy consumption (Europe 2020-2030),Total,,,,,,,,,,,,,,,,,,,,,,,,,,,,,,,,,,
Germany,Total energy supply,Total,4084284.511,4000335.443,3923141.489,3884014.542,3863901.291,3905953.338,4036788.763,4002477.918,3976365.902,3885801.019,3905498.824,4023509.38,3932632.187,3942541.655,3964778.929,3942932.391,4061282.8,3853153.777,3901565.812,3645680.109,3841430.292,3641444.951,3668575.324,3749984.395,3588473.06,3606259.048,3621710.372,3633968.642,3547577.205,3470406.222,3260248.302,3376502.423,3179301.789,
Greece,Available for final consumption,Total,166662.219,172399.634,175876.714,172922.326,181115.818,181873.522,191953.515,197562.244,208474.235,206998.445,214696.5,222894.151,227650.619,236198.795,238698.98,242187.283,244101.997,235434.109,243954.549,236992.43,222879.397,212484.545,207013.503,175500.818,182521.395,192431.868,196213.766,193943.502,183722.031,190776.78,169166.575,174335.289,181500.815,
Greece,Gross available energy,Total,287769.881,286447.392,297038.765,299773.556,310436.301,314841.092,317645.868,328568.638,348143.048,346311.947,366349.64,375306.314,376594.112,386659.336,393063.127,394587.332,398738.741,399878.691,401338.074,383066.286,361187.335,352267.936,343210.351,304582.992,300741.774,300884.557,295101.301,308529.528,302648.506,303222.562,256736.422,271227.101,276608.403,
Greece,Primary energy consumption (Europe 2020-2030),Total,,,,,,,,,,,,,,,,,,,,,,,,,,,,,,,,,,
Greece,Total energy supply,Total,248671.02,250982.225,257142.682,254165.0,260943.662,263097.536,271349.785,282504.832,297537.798,298930.947,314730.724,325617.786,331014.085,339980.864,345728.627,351943.693,351598.13,350972.247,353609.102,342933.286,321738.335,311658.603,309403.296,272084.492,270010.829,270568.168,264882.579,272234.72,264566.401,260785.604,233682.936,242067.601,240432.93,
Hungary,Available for final consumption,Total,238900.251,225863.212,196270.198,205487.528,200024.05,204414.985,212662.953,206961.713,204176.367,200248.025,200293.431,207057.567,210736.554,218776.097,217235.195,236456.237,233405.85,222212.146,219782.763,214289.668,219352.067,216321.035,206837.23,204134.987,200934.64,215586.194,219798.587,230165.965,230953.225,231920.848,228910.919,246268.7,229376.746,
Hungary,Gross available energy,Total,339009.107,323442.445,293013.431,300654.677,291933.641,302888.457,311171.359,305228.219,301201.971,299147.242,293431.334,300278.251,300123.656,306425.653,307448.698,331574.54,327975.729,320950.598,315993.5,300523.313,309269.833,303108.309,288087.031,278188.696,277064.216,293113.728,296793.56,310014.508,310574.091,310584.805,304002.6,318377.099,299813.369,
Hungary,Primary energy consumption (Europe 2020-2030),Total,,,,,,,,,,,,,,,,,,,,,,,,,,,,,,,,,,
Hungary,Total energy supply,Total,337049.107,321898.945,291384.181,299160.177,289679.641,300720.207,308868.359,303035.469,298874.305,296648.076,290638.112,297656.64,297649.045,304000.042,304824.531,328544.04,324895.729,318127.264,312855.167,297839.98,306598.166,300401.753,286150.364,276298.696,275078.716,291081.783,294557.427,307415.188,307361.043,307335.655,302823.279,316945.066,296804.897,
Ireland,Available for final consumption,Total,88276.055,88844.463,87100.323,87482.183,91967.819,89032.001,97758.528,105290.025,110974.837,113973.755,120563.614,124326.045,128117.656,122194.748,127670.421,129711.817,133535.697,136866.411,137620.903,135634.402,131254.941,122172.349,123400.731,116865.548,117701.97,125250.269,131480.522,130140.094,132287.157,134461.834,129377.453,132003.817,130399.074,
Ireland,Gross available energy,Total,119669.817,121500.065,120604.865,123723.972,128580.728,127247.797,137898.659,147777.823,156143.691,162194.001,168932.53,178070.834,180765.916,173326.275,177264.551,181141.328,182384.963,188719.551,186418.24,177861.221,176847.655,162693.754,164618.474,156443.127,157460.365,166628.259,175786.58,174372.907,175370.105,175905.868,162004.304,167998.331,171898.114,
Ireland,Primary energy consumption (Europe 2020-2030),Total,,,,,,,,,,,,,,,,,,,,,,,,,,,,,,,,,,
Ireland,Total energy supply,Total,115305.707,117110.207,116793.512,117989.863,123590.569,121397.815,131939.802,141077.245,149200.229,154163.368,160191.546,167812.474,170206.774,162632.981,167280.753,170431.848,171199.664,175845.097,174753.474,170115.581,166622.272,153372.07,156374.504,147285.831,147276.879,155019.055,163856.968,160743.159,160592.185,161337.777,155618.832,160882.373,158760.479,
Italy,Available for final consumption,Total,1338551.435,1364332.109,1353994.321,1360345.925,1343479.451,1405056.773,1419885.0,1432712.744,1467377.326,1493659.417,1497537.71,1529581.301,1525789.567,1594128.874,1572099.417,1623449.557,1591410.939,1588111.753,1591956.276,1521456.922,1531993.162,1460865.777,1417348.911,1403735.5,1325330.255,1368023.911,1357851.557,1409251.327,1393602.948,1380047.027,1270900.368,1399696.615,1302765.785,
Italy,Gross available energy,Total,1753713.421,1796774.332,1784854.681,1776198.781,1754258.146,1902812.353,1897810.183,1926399.519,1983722.229,2007037.469,2049035.477,2054314.759,2070479.26,2172523.797,2188282.968,2229314.348,2213024.951,2209832.303,2181197.45,2034360.94,2091297.19,2019995.65,1941141.491,1867433.47,1764952.954,1833231.634,1819982.563,1881911.58,1857437.632,1838545.276,1675125.761,1821045.948,1750674.256,
Italy,Primary energy consumption (Europe 2020-2030),Total,,,,,,,,,,,,,,,,,,,,,,,,,,,,,,,,,,
Italy,Total energy supply,Total,1705157.754,1747187.443,1736320.736,1727240.448,1705545.591,1851871.631,1850903.905,1877520.797,1930067.729,1959779.247,1997014.755,2003891.092,2018243.982,2114541.742,2129387.69,2168391.959,2148580.506,2142195.247,2113591.95,1972156.662,2019864.913,1953167.983,1876388.38,1807187.47,1706933.676,1774310.745,1755918.175,1815367.24,1781189.921,1761528.104,1629368.643,1772778.34,1688913.098,
Latvia,Available for final consumption,Total,74673.828,71752.053,60004.872,52058.144,47981.032,45697.16,44337.709,43573.861,42319.591,38429.353,37861.747,41397.719,41441.874,44307.887,45577.38,47094.01,49393.558,51031.407,48559.254,46649.927,47162.149,44510.021,46446.816,44640.305,45106.425,44029.513,44008.465,45933.707,47764.149,46145.91,45061.621,47297.117,45095.371,
Latvia,Gross available energy,Total,97990.125,89010.031,73552.15,64301.247,59262.354,55649.004,54571.576,52897.739,51050.224,46888.083,45037.555,50452.466,50257.41,53070.713,54531.315,56395.187,57706.678,58893.864,56980.96,55627.711,56763.809,53403.728,55571.386,54732.809,54477.348,53895.428,54738.796,55955.391,56190.896,57455.121,53129.485,55681.727,52105.426,
Latvia,Primary energy consumption (Europe 2020-2030),Total,,,,,,,,,,,,,,,,,,,,,,,,,,,,,,,,,,
Latvia,Total energy supply,Total,91651.564,86224.056,71156.442,61523.922,55722.715,53609.854,53059.526,51691.239,50526.232,46422.055,44631.133,47866.244,47543.008,50421.502,51615.865,52686.445,54648.819,55885.394,53460.741,51260.911,52472.156,49537.481,51393.614,50510.7,50507.273,49684.175,49649.31,51301.84,53963.154,52227.836,50045.409,52360.6,49592.164,
Lithuania,Available for final consumption,Total,121006.692,128349.289,77894.428,59163.981,59321.147,59112.642,59290.544,59020.758,58751.508,54093.669,49449.572,53750.622,55534.918,57166.614,59023.933,62160.388,65624.304,74041.896,71882.333,61392.629,63029.617,68387.061,69757.451,65840.611,67545.075,68564.903,70335.031,74828.673,76712.606,77292.701,74777.993,77689.387,69959.852,
Lithuania,Gross available energy,Total,190581.969,202703.2,133412.439,109405.081,97855.692,104577.239,112402.742,105841.069,110775.583,94936.292,86540.651,98829.65,105740.771,110227.756,111737.625,106117.025,104775.264,113061.994,113029.809,104302.588,83977.26,87067.45,87676.33,82609.336,82237.008,84435.041,87437.613,91510.79,93438.302,93000.989,90883.532,94626.803,84742.333,
Lithuania,Primary energy consumption (Europe 2020-2030),Total,,,,,,,,,,,,,,,,,,,,,,,,,,,,,,,,,,
Lithuania,Total energy supply,Total,187937.461,199047.981,129336.436,107141.106,95667.739,102499.483,110519.789,104776.764,109858.872,93786.686,85203.618,97317.994,104153.921,108596.656,110035.014,103930.508,102574.608,110925.411,111107.171,102422.988,81795.435,84788.822,85546.88,80787.924,81209.234,82605.14,84435.38,88247.624,89632.567,89304.992,88137.737,91716.808,81765.656,
Luxembourg,Available for final consumption,Total,32200.228,34725.303,35124.945,35953.322,35264.61,32497.695,33451.916,33677.874,33688.777,35202.757,37736.385,39341.055,39309.926,42036.376,46625.919,47634.285,46900.383,45728.319,46152.826,42879.671,45677.421,45658.335,44635.405,44060.64,42237.734,41481.214,41501.008,42349.698,43921.017,44554.606,38358.381,40359.379,35494.203,
Luxembourg,Gross available energy,Total,40831.989,43558.071,43642.569,44222.777,43128.251,38674.089,39389.11,38902.13,38025.392,40069.754,42524.55,44853.867,46761.881,49281.319,54730.474,55847.359,54944.757,53899.249,53946.459,50806.677,54010.416,53145.138,51877.949,50475.114,49102.037,48592.903,48735.613,50362.424,52390.114,52865.95,46149.14,49099.297,44404.878,
Luxembourg,Primary energy consumption (Europe 2020-2030),Total,,,,,,,,,,,,,,,,,,,,,,,,,,,,,,,,,,
Luxembourg,Total energy supply,Total,39299.366,41965.58,42097.973,42690.155,41188.526,36470.945,36994.388,35980.569,34732.649,36202.277,38793.154,40818.029,42389.214,44726.102,49773.937,50811.222,50231.716,48833.214,48846.934,45919.923,48996.49,48454.308,47549.991,46127.532,44380.567,43270.405,42829.486,43684.37,45249.328,45880.605,39791.584,41846.449,36876.386,
Malta,Available for final consumption,Total,3124.167,3647.028,3798.056,4080.25,4025.25,3938.889,3606.75,4771.694,3631.5,4207.472,3713.861,3594.972,3200.556,3683.694,4075.75,4604.778,4528.722,4610.944,4915.722,4327.0,4828.774,4643.654,4883.816,4980.712,5171.092,5358.67,5361.369,5845.653,6122.165,6527.526,5888.366,6293.879,7021.161,
Malta,Gross available energy,Total,9283.611,9265.917,9289.028,11216.444,10314.111,9717.222,9230.278,11641.806,9339.917,10084.639,17061.861,18774.472,18322.528,21295.833,22361.556,18539.833,19650.167,20943.833,21964.389,23575.556,27769.941,26409.966,25194.364,24060.098,24604.973,26685.359,28731.27,34416.836,35515.849,36793.068,34272.196,31851.396,35382.311,
Malta,Primary energy consumption (Europe 2020-2030),Total,,,,,,,,,,,,,,,,,,,,,,,,,,,,,,,,,,
Malta,Total energy supply,Total,8075,7822.583,7745.722,9897.583,8995.25,8315.778,8197.361,9206.306,8111.0,8845.528,7935.583,9240.25,8614.833,9699.694,9740.417,9854.278,9858.5,10062.444,10231.056,9350.833,9730.497,9673.3,10251.587,9036.209,9074.306,7464.247,6912.103,7972.458,8022.919,8564.991,8163.073,8399.326,9205.346,
Netherlands,Available for final consumption,Total,606406.185,629866.223,621420.561,634560.149,637800.117,657736.878,696967.567,672564.126,674447.992,674024.017,680786.887,691982.41,700711.975,727754.605,730978.901,718676.904,721271.069,709341.083,705387.329,692381.1,750462.067,692821.484,698632.099,690169.537,633755.21,641380.443,661504.695,677482.077,673273.186,654320.072,642382.431,656252.763,575087.262,
Netherlands,Gross available energy,Total,929171.643,964521.477,959489.296,973503.051,980612.735,1009180.726,1058754.423,1043589.447,1051878.283,1045973.529,1063318.383,1099980.01,1108897.145,1131675.263,1156600.432,1155096.746,1159592.819,1160896.667,1146127.369,1106981.134,1163158.222,1110407.908,1098287.956,1072739.465,1022667.979,1028372.504,1047305.172,1059565.134,1037354.615,1019228.071,974383.2,996660.635,916642.403,
Netherlands,Primary energy consumption (Europe 2020-2030),Total,,,,,,,,,,,,,,,,,,,,,,,,,,,,,,,,,,
Netherlands,Total energy supply,Total,781977.365,811618.671,803353.296,821621.106,826552.679,851336.587,893622.34,869250.002,875586.422,862557.834,871863.3,895247.676,903949.895,937526.457,945799.876,931040.801,922895.541,919087.167,911579.341,896106.107,962310.166,895620.963,897777.872,879448.807,830138.867,845210.545,863898.618,877328.022,859643.224,840137.796,810449.423,835449.551,745081.913,
Poland,Available for final consumption,Total,762655.965,752852.227,729362.97,777806.006,710361.652,758132.826,791521.759,793900.09,732670.532,717464.959,664402.558,681496.551,680841.42,697165.982,700530.018,717574.67,758395.14,754600.458,775618.799,752601.303,818517.023,809042.642,762642.617,782554.551,751235.357,757918.639,819317.101,869666.184,928274.591,904079.11,896793.644,936269.214,890510.331,
Poland,Gross available energy,Total,1206499.006,1179795.281,1152386.348,1178845.873,1123754.803,1162202.018,1210334.902,1194355.487,1114414.546,1086859.937,1040918.146,1048121.548,1036137.118,1063275.597,1066888.151,1080488.096,1137815.532,1132880.36,1146246.82,1099076.005,1184156.645,1184347.309,1139007.069,1147160.079,1104500.682,1117192.044,1171898.38,1226878.928,1282168.259,1236825.185,1200927.253,1278749.195,1220357.049,
Poland,Primary energy consumption (Europe 2020-2030),Total,,,,,,,,,,,,,,,,,,,,,,,,,,,,,,,,,,
Poland,Total energy supply,Total,1199252.812,1175268.392,1146653.654,1174338.484,1119230.164,1157367.518,1204646.958,1188507.876,1107905.129,1079524.909,1034338.729,1041887.576,1029848.229,1056558.958,1060596.929,1072913.679,1129291.06,1124701.804,1136689.014,1090581.227,1175739.089,1176570.614,1131065.457,1139408.19,1095991.098,1107400.933,1161825.602,1213879.094,1267323.825,1221101.488,1192102.55,1268130.751,1205798.617,
Portugal,Available for final consumption,Total,163110.744,157576.502,165069.459,164694.324,171791.715,178350.766,186265.034,196420.166,212618.915,218981.684,227243.042,230747.288,238053.489,236729.235,243571.244,243549.049,234629.852,239029.569,228165.477,221938.436,220743.432,211184.274,191345.054,189472.983,195292.441,195979.603,194534.505,197789.289,196942.849,204501.243,190666.039,197029.002,199640.509,
Portugal,Gross available energy,Total,207647.16,210442.706,223173.364,219009.69,223625.897,246702.856,244747.37,257440.402,276703.428,299655.511,302903.625,302718.131,315069.522,308066.034,318746.257,325819.297,311117.344,310424.096,303737.693,298351.013,288910.327,282943.003,267095.609,267957.695,271218.258,281797.221,282423.862,295633.286,288925.243,289097.433,256868.162,258224.738,270851.994,
Portugal,Primary energy consumption (Europe 2020-2030),Total,,,,,,,,,,,,,,,,,,,,,,,,,,,,,,,,,,
Portugal,Total energy supply,Total,194979.082,197404.217,209905.283,207065.382,211868.753,234738.637,232676.284,245198.93,265461.681,285290.861,287334.919,289654.903,302149.405,293459.636,302657.937,310333.45,294477.022,294876.04,287449.36,283306.013,273366.716,265800.225,249338.942,249617.139,252941.314,262167.776,260184.973,271706.571,263661.567,261063.806,242799.544,242812.68,246520.359,
Romania,Available for final consumption,Total,511414.631,414261.583,334942.913,326257.851,303548.776,336063.115,349410.528,330145.588,315845.913,279998.247,280514.731,286252.185,285279.314,293228.511,293956.998,301889.36,307826.967,305677.65,302936.446,280047.286,288381.28,290863.019,279331.972,264023.258,262312.204,265282.358,268827.005,283497.402,289571.932,291570.393,291767.687,311027.455,287875.642,
Romania,Gross available energy,Total,734820.275,603427.208,538595.878,534533.621,502959.919,544154.848,557665.134,523565.024,479581.283,423235.529,427483.783,430224.07,445649.442,464352.37,457588.285,449921.541,466339.695,463337.028,461587.113,404810.154,407299.56,415895.954,407035.537,371106.544,368268.925,371201.087,370140.671,390331.798,390887.076,386574.228,375241.363,399218.107,368350.011,
Romania,Primary energy consumption (Europe 2020-2030),Total,,,,,,,,,,,,,,,,,,,,,,,,,,,,,,,,,,
Romania,Total energy supply,Total,732039.525,601454.958,535631.378,531532.371,500999.919,541962.098,556636.134,522095.024,477949.561,421679.779,425977.033,428876.57,444497.942,462955.87,455959.035,448458.201,464537.619,461491.92,459213.672,402898.196,405182.16,414098.759,405322.037,368699.703,364933.773,367899.594,366396.052,386100.302,389079.068,384401.52,374189.834,397866.363,367085.012,
Slovakia,Available for final consumption,Total,176356.598,152060.169,144443.671,133147.525,128841.108,129890.038,137122.459,138873.553,138168.046,134445.097,135845.404,135404.818,135736.068,128887.946,128844.595,135913.229,132684.125,134152.78,137723.809,126386.032,141735.458,135843.175,127326.713,130300.195,117524.211,123400.574,126601.648,135750.365,135808.275,131079.285,125809.609,137320.638,128661.975,
Slovakia,Gross available energy,Total,247508.953,222051.291,210075.173,206119.871,202639.552,206805.299,210267.006,210473.128,204057.21,205055.928,206215.312,215141.281,216825.796,215678.314,212360.349,217468.644,215627.949,206504.363,212393.463,194106.947,214320.042,207770.665,201217.944,202970.16,187601.505,195971.046,197754.384,207983.163,203921.389,197922.388,191274.169,206930.882,193367.417,
Slovakia,Primary energy consumption (Europe 2020-2030),Total,,,,,,,,,,,,,,,,,,,,,,,,,,,,,,,,,,
Slovakia,Total energy supply,Total,247508.953,222051.291,210075.173,206119.871,202247.552,206327.549,209801.506,210044.378,203701.96,204810.928,205896.812,214780.398,216284.671,215284.101,212047.584,217011.525,215160.058,205927.016,211659.751,193577.725,213838.92,207265.498,200784.944,202489.049,187192.56,195465.879,197177.051,207514.08,203368.111,197393.166,190937.391,206666.271,192970.5,
Slovenia,Available for final consumption,Total,43303.495,43637.867,39747.371,42577.029,45142.577,48910.222,52835.731,54301.666,52675.896,54977.485,55704.941,58817.683,56872.361,59429.377,61249.402,63301.103,63242.586,63464.817,67213.722,59260.242,61355.919,60121.715,58603.352,57342.325,55179.53,56423.515,58630.86,59515.089,59826.219,58847.159,53536.076,57360.17,56657.315,
Slovenia,Gross available energy,Total,66684.688,64809.065,60140.771,63147.79,65716.958,70849.543,73823.692,76740.065,75302.234,75160.675,76307.18,81113.22,81271.304,82579.418,84866.403,88204.984,87718.675,89019.084,94015.144,82522.577,84576.727,84569.957,81539.614,79569.15,76883.408,76403.475,79574.23,82240.613,82373.749,80643.31,75097.138,77167.5,74180.747,
Slovenia,Primary energy consumption (Europe 2020-2030),Total,,,,,,,,,,,,,,,,,,,,,,,,,,,,,,,,,,
Slovenia,Total energy supply,Total,66366.188,64711.065,60006.021,62951.79,65508.708,70616.793,73615.442,76519.565,75081.734,74915.675,76013.18,80794.72,80928.304,82273.168,84633.653,87688.595,87088.009,88083.678,92838.644,81818.517,84032.933,83914.906,80679.305,78559.162,75919.315,75360.041,77906.612,80140.73,79338.796,78108.581,73638.772,76045.05,73922.47,
Spain,Available for final consumption,Total,708298.697,744858.259,741255.103,737916.201,780268.291,811746.056,802378.004,862595.824,916658.521,939719.709,993193.837,1044464.008,1053471.788,1108945.325,1157337.96,1183971.133,1155306.361,1184568.282,1143793.1,1061694.873,1063548.968,1035993.347,989013.488,937803.904,900252.49,927062.424,955416.436,1001774.84,1023062.245,1011576.985,913475.521,984060.051,964700.906,
Spain,Gross available energy,Total,1071298.422,1113780.841,1136001.673,1088102.246,1144325.983,1231284.143,1232764.961,1320832.739,1386922.261,1448880.246,1512335.56,1558557.072,1602233.892,1656730.398,1730668.808,1772256.065,1778387.885,1806626.147,1749716.537,1616254.706,1611184.007,1606227.516,1598772.302,1488239.78,1466307.974,1516567.117,1528592.105,1594933.328,1596356.488,1558601.938,1374290.841,1457943.596,1491304.889,
Spain,Primary energy consumption (Europe 2020-2030),Total,,,,,,,,,,,,,,,,,,,,,,,,,,,,,,,,,,
Spain,Total energy supply,Total,1015360.894,1052764.175,1071374.173,1028390.885,1085533.927,1170078.726,1153081.211,1226347.239,1287612.65,1350263.079,1410035.921,1447330.684,1490665.864,1542133.676,1609909.502,1643219.26,1643706.024,1667682.703,1606871.093,1476906.428,1476962.618,1462701.516,1458158.052,1361392.835,1331899.641,1383439.451,1392295.216,1463948.939,1459409.238,1418158.938,1281791.788,1351289.341,1348258.034,
Sweden,Available for final consumption,Total,365896.733,373628.184,400322.283,395160.864,397013.94,412102.349,410606.479,410324.297,411523.911,409322.845,405977.881,400569.787,410525.4,390495.231,391035.465,387980.484,380718.185,380051.998,381601.934,365520.527,408791.115,415708.703,405456.531,397137.426,388150.825,370844.656,394558.389,405229.042,409148.567,391285.846,380658.944,398562.101,377230.805,
Sweden,Gross available energy,Total,558675.081,577352.751,550530.624,552127.602,591576.757,598555.169,612537.62,600496.201,612892.61,602051.737,570628.427,605111.612,615500.892,607322.088,634648.893,620405.328,607050.799,603921.603,600578.498,545871.554,609613.727,611271.84,609386.257,598951.237,593601.003,568153.395,594263.768,612323.604,614617.338,602028.649,550581.824,578219.012,557271.12,
Sweden,Primary energy consumption (Europe 2020-2030),Total,,,,,,,,,,,,,,,,,,,,,,,,,,,,,,,,,,
Sweden,Total energy supply,Total,546611.386,563840.057,535472.04,534909.824,572297.174,579313.697,592521.704,577901.923,587135.388,576309.126,546549.233,580515.112,595231.753,582483.838,605157.309,590387.328,575010.493,572113.881,567627.97,512799.332,578629.588,582440.979,581329.868,570891.237,565000.864,538091.839,561166.213,574217.305,582610.638,567627.188,516596.786,544252.326,525683.696,
